bedrooms,bathrooms,land_size_p,floor_area_sqft,storeys,district_enc,district_tier,colombo_premium,property_type_enc,negotiable,has_parking,has_pool,has_garden,has_furnished,has_ac,has_security,has_water,has_highway,has_generator,has_solar,log_price,price_lkr
5.0,3.0,19.7,2600.0,2.0,5,2,0,0,1,1,0,0,0,0,0,0,1,0,0,17.50188690692275,39900000.0
5.0,4.0,7.8,2970.0,2.0,3,1,0,0,1,1,0,0,0,0,1,0,0,0,0,17.61099976960838,44500000.0
5.0,4.0,10.0,5100.0,2.0,3,1,0,0,0,1,0,0,0,0,0,0,0,0,0,18.184958423089522,79000000.0
4.0,4.0,9.0,3200.0,2.0,3,1,0,0,1,1,1,0,0,0,1,0,0,0,0,17.6762402900575,47500000.0
3.0,1.0,10.5,1300.0,2.0,5,2,0,0,1,1,0,0,0,0,0,0,1,0,0,16.118095750958314,10000000.0
3.0,2.0,6.75,1394.0,1.0,3,1,0,0,1,1,0,1,0,1,0,0,1,0,0,16.588099342704055,16000000.0
6.0,5.0,6.75,3500.0,2.0,8,2,0,0,1,0,0,0,0,0,1,0,0,0,0,17.909855136853043,60000000.0
3.0,3.0,8.0,2000.0,2.0,3,1,1,0,0,1,0,1,0,1,1,0,0,0,0,18.02763817065757,67500000.0
4.0,3.0,8.7,2000.0,2.0,3,1,0,0,1,1,0,1,0,1,0,0,0,0,0,17.565014657424058,42500000.0
5.0,3.0,22.0,2500.0,2.0,3,1,0,0,1,1,0,1,0,1,0,0,0,0,1,17.893048018819147,59000000.0
4.0,2.0,5.8,2000.0,2.0,3,1,0,0,1,1,0,1,0,0,0,0,0,0,0,16.97251102166758,23500000.0
3.0,1.0,22.5,1500.0,2.0,5,2,0,0,1,0,0,0,0,1,0,0,0,0,0,16.5563506464056,15500000.0
3.0,2.0,6.5,1280.0,2.0,3,1,0,0,1,1,0,0,0,0,0,0,0,0,0,16.97251102166758,23500000.0
4.0,3.0,50.2,3000.0,2.0,3,1,0,0,1,1,0,1,0,0,0,0,0,0,0,18.72078534381011,135000000.0
5.0,4.0,22.0,7000.0,3.0,3,1,0,0,1,1,0,1,0,1,1,0,0,0,1,18.420680753952364,100000000.0
4.0,3.0,7.0,3200.0,2.0,3,1,1,0,1,1,0,1,0,0,0,0,0,0,0,18.05683732492351,69500000.0
2.0,2.0,9.0,1400.0,2.0,3,1,0,0,1,0,0,0,0,0,0,0,0,0,0,16.61887099947687,16500000.0
5.0,4.0,9.1,3000.0,2.0,3,1,0,0,1,0,0,0,0,0,0,0,0,0,0,17.479072229734946,39000000.0
3.0,2.0,7.0,1600.0,1.0,3,1,0,0,1,1,0,0,0,0,0,0,0,0,0,16.860033043306743,21000000.0
3.0,4.0,3.5,1700.0,2.0,3,1,0,0,1,1,1,0,0,1,1,0,0,0,0,17.11134746100564,27000000.0
3.0,3.0,8.0,2000.0,2.0,3,1,1,0,1,1,0,1,0,1,1,0,0,0,0,18.02763817065757,67500000.0
5.0,3.0,6.0,2038.0,2.0,3,1,0,0,1,0,0,1,0,0,0,0,0,0,0,17.265498135541893,31500000.0
6.0,3.0,30.0,2500.0,2.0,5,2,0,0,1,0,0,0,0,0,0,0,0,0,0,17.073607134447293,26000000.0
7.0,6.0,31.0,5000.0,2.0,3,1,0,0,1,1,0,1,0,0,0,0,0,0,0,18.72078534381011,135000000.0
4.0,3.0,8.5,3250.0,2.0,3,1,0,0,1,0,1,0,0,1,1,0,0,0,1,17.822843761378564,55000000.0
3.0,2.0,15.68,4000.0,2.0,14,3,0,0,1,0,0,0,0,0,0,0,0,0,0,17.341871111992198,34000000.0
6.0,3.0,15.3,2880.0,2.0,3,1,0,0,1,0,0,1,0,0,0,0,0,0,0,17.565014657424058,42500000.0
3.0,2.0,7.0,1650.0,2.0,3,1,0,0,1,0,0,0,0,1,1,0,1,0,0,17.19990085520835,29500000.0
4.0,3.0,27.0,3279.0,2.0,5,2,0,0,1,1,0,0,1,1,1,1,1,0,0,17.399029524198163,36000000.0
3.0,2.0,6.0,1235.0,2.0,3,1,0,0,1,1,0,0,0,0,0,0,0,0,0,17.11134746100564,27000000.0
4.0,4.0,17.5,3500.0,2.0,3,1,0,0,1,1,0,1,0,1,0,0,0,0,0,18.05683732492351,69500000.0
2.0,1.0,7.0,1200.0,2.0,3,1,0,0,1,0,0,0,0,0,0,0,0,0,0,16.5563506464056,15500000.0
6.0,2.0,11.8,4500.0,2.0,3,1,0,0,1,1,0,0,0,1,0,0,1,0,1,17.8845373292961,58500000.0
5.0,3.0,10.5,6000.0,2.0,4,2,0,0,1,0,0,0,0,0,0,0,0,0,0,17.822843761378564,55000000.0
3.0,2.0,4.5,1200.0,3.0,5,2,0,0,1,1,0,0,0,0,0,0,0,0,0,16.118095750958314,10000000.0
5.0,4.0,10.0,3000.0,2.0,3,1,0,0,1,0,0,0,0,0,0,0,1,0,0,17.553180200057167,42000000.0
3.0,1.0,11.0,1500.0,2.0,3,1,1,0,1,1,0,0,0,0,0,0,0,0,0,17.529082649058825,41000000.0
5.0,2.0,10.0,2938.0,2.0,3,1,0,0,1,1,0,1,0,0,0,0,0,0,0,17.439851517607305,37500000.0
4.0,3.0,12.6,2400.0,2.0,3,1,1,0,1,1,0,1,0,0,0,0,0,0,0,17.281246492014,32000000.0
5.0,5.0,6.2,3800.0,2.0,3,1,1,0,1,1,0,0,1,1,0,0,0,0,0,18.132998684833918,75000000.0
4.0,3.0,6.6,2030.0,2.0,3,1,1,0,0,0,0,0,0,0,0,0,0,0,0,17.206657637442962,29700000.0
3.0,2.0,2.5,750.0,2.0,8,2,0,0,1,1,0,0,0,0,0,0,0,0,0,16.066802461833923,9500000.0
4.0,3.0,9.0,3200.0,2.0,3,1,0,0,0,0,1,0,0,0,1,0,0,0,0,17.6762402900575,47500000.0
3.0,3.0,10.5,1590.0,2.0,3,1,0,0,1,1,0,0,0,0,0,0,0,0,0,17.0926553286923,26500000.0
6.0,3.0,9.1,2600.0,2.0,3,1,1,0,1,0,0,0,0,0,1,0,0,0,0,17.72753358339242,50000000.0
4.0,2.0,6.0,2266.0,2.0,3,1,0,0,1,0,0,0,0,0,0,0,0,0,0,17.182806422433504,29000000.0
5.0,2.0,10.0,2500.0,2.0,3,1,0,0,1,0,0,0,0,0,0,0,0,0,0,17.281246492014,32000000.0
4.0,3.0,7.0,3480.0,2.0,3,1,0,0,1,0,0,0,0,0,0,0,0,0,0,17.565014657424058,42500000.0
4.0,4.0,20.0,3400.0,2.0,3,1,0,0,1,0,0,0,0,0,0,0,0,0,0,17.71748324774094,49500000.0
5.0,4.0,11.0,3874.0,2.0,3,1,0,0,1,0,0,0,0,0,1,0,0,0,0,17.958645300228824,63000000.0
3.0,3.0,10.0,1707.0,2.0,3,1,0,0,0,0,1,1,0,0,1,0,0,0,1,17.989897843244528,65000000.0
4.0,4.0,7.0,3500.0,2.0,3,1,0,0,1,1,0,1,0,0,0,0,0,0,0,17.822843761378564,55000000.0
4.0,4.0,8.0,3400.0,2.0,3,1,0,0,1,0,0,1,0,0,0,0,1,0,0,17.822843761378564,55000000.0
3.0,2.0,8.15,1366.0,2.0,3,1,0,0,1,1,0,0,0,0,0,0,0,0,0,16.906553056777135,22000000.0
4.0,3.0,6.0,2850.0,3.0,3,1,0,0,0,0,0,1,0,0,0,0,1,0,0,17.840862266556567,56000000.0
4.0,3.0,12.5,3400.0,2.0,3,1,0,0,1,1,0,0,1,1,0,0,0,0,0,17.553180200057167,42000000.0
4.0,4.0,10.5,1570.0,2.0,3,1,1,0,1,0,0,1,1,1,0,0,0,0,0,17.73748391404757,50500000.0
4.0,3.0,6.3,2000.0,2.0,3,1,0,0,1,0,0,0,0,1,1,0,0,0,0,17.553180200057167,42000000.0
4.0,3.0,10.0,2800.0,2.0,3,1,0,0,1,1,0,1,0,1,1,0,0,0,0,17.599700214609808,44000000.0
4.0,4.0,10.5,2700.0,2.0,3,1,0,0,1,1,0,0,0,0,0,0,0,0,0,17.491811255187805,39500000.0
4.0,3.0,6.5,2610.0,2.0,3,1,0,0,1,0,0,0,1,1,0,0,0,0,0,17.707330876483063,49000000.0
4.0,2.0,18.5,1800.0,2.0,3,1,0,0,1,0,0,0,0,0,0,0,0,0,0,17.840862266556567,56000000.0
3.0,2.0,6.0,1235.0,2.0,3,1,0,0,1,1,0,0,0,0,0,0,0,0,0,17.11134746100564,27000000.0
3.0,2.0,6.7,1770.0,2.0,5,2,0,0,0,1,0,1,0,1,1,0,0,0,0,16.951004817371683,23000000.0
4.0,3.0,12.3,3600.0,2.0,3,1,1,0,1,1,0,0,0,0,0,0,0,0,0,18.258161826219297,85000000.0
4.0,4.0,10.0,3500.0,2.0,3,1,0,0,0,0,0,1,0,0,0,0,1,0,1,17.822843761378564,55000000.0
4.0,3.0,10.0,2800.0,2.0,3,1,0,0,1,1,0,0,0,0,0,0,0,0,0,17.312018149733785,33000000.0
4.0,3.0,6.4,3000.0,2.0,3,1,0,0,1,1,0,0,1,0,0,0,0,0,1,18.042344317830995,68500000.0
3.0,2.0,12.0,3600.0,2.0,3,1,0,0,1,0,0,0,0,0,0,0,0,0,0,17.296750678069195,32500000.0
5.0,4.0,5.0,4000.0,3.0,12,3,0,0,1,1,0,1,0,1,1,0,0,0,0,17.439851517607305,37500000.0
4.0,5.0,21.0,3700.0,3.0,3,1,1,0,1,1,1,1,0,1,1,0,0,0,0,18.560442695023177,115000000.0
4.0,3.0,12.4,2500.0,2.0,3,1,0,0,1,0,0,0,0,1,0,0,0,0,0,17.840862266556567,56000000.0
5.0,4.0,21.5,4850.0,2.0,3,1,0,0,1,0,0,0,0,1,1,0,0,0,0,17.439851517607305,37500000.0
5.0,4.0,11.6,3250.0,2.0,3,1,1,0,1,0,0,1,0,0,1,0,0,0,0,17.989897843244528,65000000.0
4.0,2.0,16.3,3200.0,2.0,3,1,0,0,1,1,0,1,0,0,0,1,0,0,0,17.147715103853763,28000000.0
5.0,5.0,18.0,4000.0,2.0,8,2,0,0,1,0,0,0,1,0,1,0,0,0,0,17.622173069956816,45000000.0
5.0,4.0,10.5,2400.0,2.0,12,3,0,0,1,1,0,1,0,0,0,0,0,0,0,17.6867115897055,48000000.0
3.0,2.0,11.0,1400.0,2.0,3,1,0,0,1,1,0,1,0,0,0,0,0,0,0,16.759949589762293,19000000.0
4.0,5.0,21.0,3700.0,3.0,3,1,1,0,1,1,1,1,1,1,1,0,0,0,0,18.560442695023177,115000000.0
5.0,3.0,20.0,4000.0,2.0,3,1,1,0,1,1,0,1,0,1,0,0,0,0,0,19.450300164704952,280000000.0
4.0,2.0,10.0,2200.0,2.0,7,2,0,0,1,1,0,1,0,0,0,0,0,0,0,16.705882371415992,18000000.0
3.0,3.0,9.6,2900.0,2.0,12,3,0,0,1,0,0,1,0,1,0,0,1,0,1,17.9426449591384,62000000.0
4.0,3.0,8.0,3500.0,2.0,3,1,0,0,1,1,0,0,0,0,0,0,0,0,0,18.17221939747438,78000000.0
5.0,5.0,18.2,6000.0,2.0,3,1,0,0,0,1,0,1,0,0,0,0,0,0,1,18.72078534381011,135000000.0
4.0,3.0,12.25,4000.0,2.0,5,2,0,0,1,1,0,0,0,0,0,0,0,0,0,18.197537205138154,80000000.0
4.0,3.0,20.0,2579.0,2.0,3,1,0,0,0,0,0,0,0,0,0,0,0,0,0,17.989897843244528,65000000.0
4.0,2.0,13.0,1800.0,2.0,7,2,0,0,1,0,0,0,0,0,0,0,0,0,0,17.370858648025116,35000000.0
4.0,4.0,40.0,7000.0,2.0,3,1,1,0,1,1,1,1,0,1,1,0,0,1,1,19.644456178515657,340000000.0
1.0,1.0,12.5,1000.0,2.0,5,2,0,0,1,0,0,0,0,0,0,0,0,0,0,15.747032114495013,6900000.0
3.0,2.0,6.88,1800.0,1.0,3,1,0,0,1,1,0,0,0,0,0,0,0,0,0,16.993564429978885,24000000.0
4.0,3.0,7.0,3200.0,2.0,3,1,1,0,1,0,0,0,0,0,1,0,0,0,0,18.05683732492351,69500000.0
3.0,2.0,12.5,3500.0,2.0,3,1,0,0,0,1,0,0,0,0,0,0,0,0,0,17.296750678069195,32500000.0
6.0,3.0,7.0,3000.0,2.0,3,1,0,0,1,0,0,0,0,0,0,0,0,0,0,17.370858648025116,35000000.0
4.0,4.0,7.5,3500.0,2.0,3,1,1,0,1,0,0,1,0,1,0,0,0,0,0,18.36938746009113,95000000.0
3.0,2.0,6.0,2000.0,2.0,3,1,0,0,1,0,0,1,0,0,0,0,0,0,0,17.341871111992198,34000000.0
5.0,5.0,15.0,4500.0,2.0,3,1,0,0,1,1,0,0,0,0,0,0,0,0,0,18.287149362756413,87500000.0
3.0,2.0,6.0,1000.0,2.0,5,2,0,0,1,1,0,0,0,0,0,0,0,0,0,16.52356082573315,15000000.0
5.0,5.0,10.6,5100.0,2.0,5,2,0,0,1,1,0,0,0,1,1,0,1,0,0,18.33729914588288,92000000.0
4.0,3.0,7.5,3200.0,2.0,3,1,0,0,1,1,0,0,0,0,0,0,0,0,0,17.385043282614657,35500000.0
3.0,2.0,11.27,3300.0,2.0,3,1,1,0,1,0,0,0,0,0,0,0,0,0,0,17.50439003707821,40000000.0
3.0,2.0,7.5,1633.5,2.0,3,1,1,0,1,0,0,0,0,0,0,0,0,0,0,17.249497794707484,31000000.0
5.0,4.0,10.0,3458.0,2.0,3,1,0,0,1,0,0,1,0,0,0,0,0,0,0,17.822843761378564,55000000.0
3.0,2.0,8.75,1553.0,2.0,3,1,0,0,1,1,0,1,0,1,0,0,0,0,0,17.19990085520835,29500000.0
5.0,3.0,58.0,3000.0,2.0,4,2,0,0,1,0,0,0,0,0,0,0,0,0,0,16.677711496036597,17500000.0
3.0,2.0,4.4,1190.0,1.0,3,1,0,0,1,0,0,0,0,0,0,0,0,0,0,17.034386422832473,25000000.0
2.0,1.0,6.9,915.0,1.0,3,1,0,0,1,1,0,1,1,1,1,0,1,0,0,16.61887099947687,16500000.0
4.0,2.0,88.70000000000005,3100.0,2.0,4,2,0,0,1,0,0,0,0,1,0,0,0,0,0,17.1654146803266,28500000.0
4.0,3.0,10.0,2818.0,2.0,3,1,0,0,1,1,0,0,0,0,0,0,0,0,0,17.747336210296442,51000000.0
3.0,2.0,10.0,2000.0,2.0,3,1,0,0,1,0,0,0,0,0,0,0,1,0,0,17.034386422832473,25000000.0
5.0,5.0,23.39,5600.0,2.0,3,1,0,0,1,0,0,0,0,0,0,0,0,0,0,18.8906843794481,160000000.0
3.0,2.0,6.0,1700.0,2.0,3,1,0,0,1,0,0,0,0,0,0,0,1,0,0,17.356469910987094,34500000.0
4.0,2.0,88.70000000000005,1273.0,2.0,5,2,0,0,1,0,0,0,0,0,0,0,0,0,0,17.439851517607305,37500000.0
5.0,3.0,9.0,2000.0,2.0,3,1,0,0,1,0,0,0,0,0,0,0,0,0,0,19.413932520666354,270000000.0
3.0,1.0,15.0,1200.0,2.0,5,2,0,0,0,0,0,0,0,0,1,0,0,0,0,15.830413711839864,7500000.0
5.0,3.0,10.0,2288.0,2.0,5,2,0,0,1,1,0,0,0,0,0,0,1,0,0,18.049617077054286,69000000.0
4.0,3.0,8.0,3500.0,2.0,3,1,0,0,0,1,0,0,0,0,0,0,0,0,0,18.17221939747438,78000000.0
7.0,4.0,13.75,4200.0,2.0,3,1,1,0,1,0,0,0,0,0,0,0,0,0,0,17.77632374660947,52500000.0
4.0,4.0,15.0,2600.0,2.0,3,1,1,0,0,1,0,1,0,0,0,0,0,0,0,18.757152987716434,140000000.0
2.0,1.0,10.0,1100.0,2.0,5,2,0,0,1,0,0,0,0,0,0,0,0,0,0,16.575520561288332,15800000.0
3.0,2.0,7.5,1556.0,2.0,3,1,0,0,1,0,0,1,0,1,0,0,0,0,0,16.929025911619092,22500000.0
2.0,2.0,3.85,1050.0,2.0,3,1,1,0,1,0,0,0,0,0,0,0,0,0,0,17.76675429577647,52000000.0
4.0,3.0,10.0,3500.0,2.0,12,3,0,0,1,0,0,1,0,0,0,1,1,0,0,17.529082649058825,41000000.0
4.0,4.0,8.0,3415.0,2.0,3,1,0,0,1,0,0,0,0,0,1,0,0,0,0,17.95067713070663,62500000.0
3.0,2.0,8.0,3200.0,2.0,3,1,0,0,1,1,0,0,0,0,1,0,1,0,0,17.32705602664604,33500000.0
7.0,6.0,20.0,7043.5,2.0,3,1,0,0,1,0,0,0,0,1,1,0,0,0,0,19.11382792951231,200000000.0
4.0,4.0,9.0,3452.0,2.0,3,1,0,0,1,0,0,0,0,0,1,0,0,0,0,17.6762402900575,47500000.0
4.0,4.0,6.5,2745.0,2.0,3,1,0,0,1,0,0,0,0,0,1,0,0,0,0,17.57671069691365,43000000.0
3.0,1.0,10.0,1500.0,2.0,3,1,0,0,1,1,0,0,0,0,0,0,0,0,0,16.906553056777135,22000000.0
3.0,1.0,18.5,1500.0,2.0,5,2,0,0,1,0,0,0,0,0,0,1,0,0,0,16.588099342704055,16000000.0
3.0,3.0,6.5,1875.0,2.0,3,1,0,0,1,0,0,0,0,0,1,0,0,0,0,17.356469910987094,34500000.0
3.0,2.0,6.0,1150.0,1.0,3,1,0,0,0,1,0,1,0,0,1,0,0,0,0,16.993564429978885,24000000.0
5.0,2.0,15.0,2700.0,2.0,7,2,0,0,1,0,0,0,0,0,0,0,0,0,0,17.147715103853763,28000000.0
4.0,4.0,8.0,3200.0,3.0,3,1,0,0,0,1,0,1,0,1,0,0,0,0,0,17.95067713070663,62500000.0
3.0,3.0,6.0,1230.0,2.0,3,1,0,0,1,0,0,1,0,0,1,0,1,0,0,16.951004817371683,23000000.0
3.0,2.0,6.0,1200.0,2.0,3,1,0,0,1,0,0,1,0,0,0,0,1,0,0,16.993564429978885,24000000.0
3.0,2.0,9.6,1200.0,2.0,3,1,0,0,0,1,0,1,0,0,0,0,0,0,0,18.064005814299346,70000000.0
4.0,3.0,7.0,3400.0,2.0,3,1,0,0,1,0,0,0,0,0,0,0,0,0,0,17.565014657424058,42500000.0
4.0,2.0,10.0,1273.0,2.0,3,1,0,0,1,0,0,0,0,0,0,0,0,0,0,16.951004817371683,23000000.0
3.0,2.0,9.9,1350.0,2.0,3,1,0,0,1,0,0,0,0,0,0,0,0,0,0,17.05418904934434,25500000.0
3.0,2.0,8.0,1250.0,2.0,3,1,0,0,1,1,0,0,0,0,0,0,0,0,0,16.860033043306743,21000000.0
4.0,2.0,10.0,2500.0,2.0,3,1,0,0,0,1,0,0,0,0,0,0,1,0,0,17.1654146803266,28500000.0
3.0,1.0,12.0,1200.0,2.0,5,2,0,0,1,1,0,0,0,0,0,0,0,0,0,16.41820031748273,13500000.0
4.0,3.0,10.0,5000.0,2.0,3,1,0,0,1,0,0,0,0,1,0,0,1,0,0,17.216707972959764,30000000.0
4.0,4.0,8.0,3200.0,3.0,3,1,0,0,0,1,0,1,0,0,0,0,0,0,0,18.17221939747438,78000000.0
5.0,3.0,7.5,2400.0,2.0,3,1,0,0,1,1,0,0,0,0,1,0,0,0,0,17.296750678069195,32500000.0
3.0,1.0,6.2,1600.0,2.0,3,1,1,0,1,0,0,0,0,0,0,0,0,0,0,17.287477041570536,32200000.0
3.0,3.0,3.0,1500.0,2.0,3,1,0,0,1,1,0,0,0,0,0,0,0,0,0,17.216707972959764,30000000.0
3.0,2.0,21.15,6000.0,2.0,5,2,0,0,1,0,0,1,0,0,0,0,0,0,0,17.989897843244528,65000000.0
4.0,4.0,6.0,2000.0,2.0,3,1,0,0,1,1,0,0,0,0,1,0,0,0,0,17.19990085520835,29500000.0
3.0,2.0,6.0,120.0,2.0,5,2,0,0,1,0,0,0,0,0,1,0,1,0,0,16.380459992348886,13000000.0
5.0,1.0,39.0,7043.5,2.0,2,4,0,0,1,0,0,0,0,0,0,1,0,0,0,17.50439003707821,40000000.0
5.0,3.0,23.0,4500.0,2.0,3,1,0,0,1,0,0,0,0,1,0,0,0,0,0,17.216707972959764,30000000.0
4.0,4.0,4.39,1600.0,2.0,3,1,1,0,1,1,0,0,0,1,0,0,0,0,0,17.147715103853763,28000000.0
4.0,4.0,45.0,7000.0,2.0,3,1,0,0,1,0,0,1,0,0,0,0,0,0,0,18.8906843794481,160000000.0
3.0,3.0,6.0,1361.25,2.0,3,1,0,0,1,1,0,0,0,0,0,0,0,0,0,17.281246492014,32000000.0
5.0,3.0,9.0,3000.0,2.0,3,1,1,0,1,1,0,1,1,0,0,0,0,0,0,18.292847383806116,88000000.0
6.0,3.0,9.5,2140.0,2.0,5,2,0,0,1,0,0,0,0,0,0,0,0,0,0,17.296750678069195,32500000.0
5.0,4.0,10.0,2700.0,2.0,3,1,0,0,1,1,0,0,0,0,1,0,0,0,0,17.747336210296442,51000000.0
3.0,2.0,9.0,1905.75,2.0,3,1,0,0,1,1,0,0,0,0,0,0,0,0,0,17.249497794707484,31000000.0
3.0,3.0,7.0,1900.0,2.0,3,1,0,0,1,0,0,0,0,1,0,0,0,0,0,16.929025911619092,22500000.0
4.0,2.0,14.7,2500.0,2.0,5,2,0,0,1,1,0,0,0,0,0,0,0,0,0,17.034386422832473,25000000.0
5.0,4.0,20.0,5000.0,3.0,3,1,0,0,0,1,1,1,0,1,1,0,0,0,0,19.20913810886209,220000000.0
4.0,3.0,7.0,3500.0,2.0,3,1,0,0,1,0,0,0,0,1,0,0,0,0,0,17.439851517607305,37500000.0
2.0,1.0,8.2,1000.0,2.0,13,3,0,0,0,0,0,0,0,0,0,0,0,0,0,15.607270193858982,6000000.0
4.0,4.0,67.0,4000.0,2.0,3,1,0,0,1,0,0,1,0,1,0,0,0,0,0,18.197537205138154,80000000.0
4.0,2.0,3.0,900.0,2.0,8,2,0,0,1,1,0,0,0,0,0,0,0,0,0,16.759949589762293,19000000.0
3.0,2.0,14.0,3500.0,2.0,3,1,0,0,1,0,0,0,0,0,0,0,0,0,0,16.5202219246906,14950000.0
4.0,2.0,15.1,4500.0,2.0,3,1,0,0,1,1,0,0,0,0,1,0,0,0,0,17.479072229734946,39000000.0
4.0,3.0,7.0,3400.0,2.0,3,1,0,0,1,1,0,0,1,0,0,0,0,0,1,18.042344317830995,68500000.0
3.0,1.0,10.0,2700.0,2.0,5,2,0,0,0,0,0,0,0,0,0,0,0,0,0,15.894952224644102,8000000.0
3.0,2.0,12.65,1632.0,2.0,3,1,0,0,1,0,0,0,0,0,0,0,0,0,0,16.951004817371683,23000000.0
3.0,2.0,6.0,1780.0,2.0,3,1,1,0,1,1,0,0,0,0,0,0,0,0,0,18.258161826219297,85000000.0
4.0,4.0,6.4,3000.0,2.0,3,1,0,0,1,1,0,0,1,0,0,0,0,0,1,18.042344317830995,68500000.0
1.0,2.0,8.5,750.0,2.0,5,2,0,0,1,0,0,0,0,0,0,0,0,0,0,16.380459992348886,13000000.0
4.0,3.0,6.0,1634.0,2.0,3,1,0,0,1,1,0,0,0,0,1,0,0,0,0,17.19990085520835,29500000.0
4.0,4.0,45.0,7000.0,2.0,3,1,0,0,1,0,0,1,0,1,0,0,0,0,0,19.035866388448003,185000000.0
4.0,3.0,6.0,2850.0,3.0,3,1,0,0,1,0,0,1,0,1,0,0,0,0,0,17.65496289206296,46500000.0
3.0,1.0,6.0,1400.0,2.0,3,1,0,0,1,0,0,0,0,0,0,0,1,0,0,16.440179222591198,13800000.0
7.0,6.0,14.5,4500.0,2.0,3,1,1,0,1,0,0,0,0,0,0,0,0,0,0,18.197537205138154,80000000.0
4.0,2.0,11.0,3500.0,2.0,3,1,0,0,0,1,0,1,0,0,0,0,0,0,0,17.50439003707821,40000000.0
4.0,4.0,9.0,2600.0,2.0,3,1,0,0,1,0,0,0,0,0,0,0,0,0,0,17.6867115897055,48000000.0
4.0,4.0,9.0,2507.0,2.0,3,1,1,0,1,1,0,1,0,0,0,0,0,0,0,18.064005814299346,70000000.0
2.0,1.0,6.5,1350.0,2.0,3,1,0,0,1,1,0,1,0,0,1,0,1,0,0,16.97251102166758,23500000.0
5.0,3.0,11.3,3100.0,3.0,3,1,1,0,1,1,0,1,0,0,1,0,0,0,0,17.622173069956816,45000000.0
5.0,4.0,7.0,2721.0,2.0,3,1,0,0,1,1,0,0,0,0,1,0,0,0,0,17.370858648025116,35000000.0
4.0,1.0,15.0,1400.0,2.0,5,2,0,0,1,0,0,0,0,0,0,0,0,0,0,16.257857680289998,11500000.0
5.0,4.0,7.75,3600.0,2.0,3,1,0,0,1,1,0,0,1,0,1,0,0,0,0,18.035018277846262,68000000.0
3.0,2.0,6.3,1200.0,2.0,3,1,0,0,1,0,0,1,0,0,0,0,1,0,0,16.88356353960952,21500000.0
4.0,3.0,10.0,2750.0,2.0,3,1,0,0,1,1,0,1,0,0,1,0,0,0,1,17.822843761378564,55000000.0
4.0,3.0,12.0,1890.0,2.0,12,3,0,0,1,0,0,1,0,0,0,0,0,0,0,17.19990085520835,29500000.0
3.0,2.0,18.5,1600.0,2.0,3,1,0,0,1,1,0,0,0,0,0,0,0,0,0,17.11134746100564,27000000.0
6.0,4.0,14.5,4100.0,2.0,9,3,0,0,1,0,0,0,0,0,0,0,0,0,0,17.19990085520835,29500000.0
3.0,2.0,8.0,1250.0,2.0,3,1,0,0,1,1,0,0,0,0,0,0,0,0,0,16.733281344102608,18500000.0
5.0,5.0,6.2,3800.0,2.0,3,1,1,0,1,1,0,0,1,1,0,0,0,0,0,18.132998684833918,75000000.0
4.0,4.0,8.5,4022.0,2.0,3,1,1,0,1,0,0,0,0,0,1,0,0,0,0,17.95067713070663,62500000.0
4.0,2.0,6.0,2300.0,2.0,3,1,0,0,1,1,0,0,0,0,0,0,0,0,0,17.05418904934434,25500000.0
3.0,1.0,7.0,2200.0,2.0,3,1,1,0,1,1,0,0,0,0,0,0,0,0,0,17.05418904934434,25500000.0
4.0,2.0,80.0,1500.0,2.0,2,4,0,0,1,0,0,0,0,0,0,0,0,0,0,16.51013780630191,14800000.0
3.0,2.0,10.0,2725.0,2.0,12,3,0,0,1,0,0,1,0,0,0,0,1,0,0,17.370858648025116,35000000.0
5.0,3.0,16.5,3200.0,2.0,3,1,1,0,0,0,0,0,0,0,0,0,0,0,0,17.665658180950928,47000000.0
3.0,1.0,15.0,4500.0,1.0,3,1,0,0,1,1,0,0,0,0,0,0,0,0,0,17.216707972959764,30000000.0
3.0,2.0,6.7,1300.0,2.0,3,1,0,0,1,1,0,0,0,0,0,0,0,0,0,16.630919337267223,16700000.0
5.0,2.0,9.5,3000.0,2.0,3,1,1,0,0,0,0,0,1,0,0,0,0,0,0,17.341871111992198,34000000.0
4.0,3.0,10.0,3200.0,2.0,3,1,0,0,1,1,0,0,0,0,0,0,0,0,0,17.341871111992198,34000000.0
5.0,5.0,0.0,2000.0,2.0,3,1,0,0,1,1,1,0,0,1,1,0,1,0,0,17.281246492014,32000000.0
4.0,3.0,10.0,3500.0,2.0,3,1,0,0,1,1,0,0,0,0,1,0,1,0,1,17.599700214609808,44000000.0
1.0,1.0,12.0,1500.0,2.0,3,1,0,0,1,0,0,0,0,0,0,0,0,0,0,15.564710586686562,5750000.0
3.0,2.0,7.0,1650.0,2.0,3,1,0,0,1,0,0,0,0,1,1,0,1,0,0,17.19990085520835,29500000.0
4.0,3.0,6.0,3150.0,2.0,3,1,0,0,0,0,0,0,0,0,0,0,0,0,0,17.71748324774094,49500000.0
6.0,5.0,8.0,2400.0,2.0,3,1,0,0,1,1,0,1,0,0,0,0,0,0,0,18.72078534381011,135000000.0
4.0,3.0,11.5,3000.0,2.0,3,1,1,0,1,0,0,0,0,0,0,0,0,0,0,18.420680753952364,100000000.0
4.0,2.0,16.5,5000.0,2.0,3,1,0,0,1,0,0,0,0,0,0,0,0,0,0,16.52356082573315,15000000.0
4.0,3.0,6.0,3000.0,2.0,3,1,0,0,1,1,0,0,0,0,1,0,0,0,0,17.840862266556567,56000000.0
6.0,4.0,10.25,2790.0,2.0,12,3,0,0,0,0,0,0,0,0,0,0,0,0,0,17.216707972959764,30000000.0
3.0,2.0,7.0,1600.0,1.0,3,1,0,0,1,1,0,0,0,0,0,0,0,0,0,16.860033043306743,21000000.0
3.0,1.0,2.0,600.0,2.0,6,4,0,0,0,0,0,0,0,0,0,0,0,0,0,16.52356082573315,15000000.0
2.0,1.0,10.0,1650.0,2.0,3,1,0,0,1,1,0,1,0,0,0,0,0,0,0,17.265498135541893,31500000.0
4.0,5.0,9.1,4050.0,2.0,3,1,0,0,1,1,0,0,0,0,0,0,1,0,0,18.02763817065757,67500000.0
4.0,4.0,10.0,4300.0,2.0,3,1,1,0,0,1,0,1,1,1,1,0,0,0,1,18.258161826219297,85000000.0
5.0,2.0,6.0,2100.0,2.0,3,1,0,0,1,1,0,0,0,0,0,0,0,0,0,18.258161826219297,85000000.0
5.0,2.0,10.0,2500.0,2.0,7,2,0,0,1,1,0,0,0,0,0,0,0,0,1,17.182806422433504,29000000.0
3.0,2.0,10.0,1450.0,2.0,3,1,0,0,1,0,0,0,0,0,0,0,0,0,0,17.073607134447293,26000000.0
3.0,2.0,12.5,1900.0,2.0,12,3,0,0,1,0,0,0,0,0,0,0,0,0,0,17.265498135541893,31500000.0
7.0,4.0,13.0,4250.0,2.0,3,1,0,0,1,1,0,0,0,1,0,0,0,0,1,18.258161826219297,85000000.0
3.0,3.0,7.0,2100.0,2.0,3,1,0,0,1,1,0,0,0,0,0,0,0,0,0,17.356469910987094,34500000.0
4.0,3.0,8.5,2988.0,2.0,3,1,0,0,1,1,0,1,0,0,0,0,0,0,0,17.553180200057167,42000000.0
4.0,3.0,12.65,2450.0,2.0,3,1,0,0,0,1,0,1,0,0,0,0,0,0,0,17.822843761378564,55000000.0
4.0,4.0,10.0,2800.0,2.0,3,1,0,0,1,0,0,1,0,0,0,0,1,0,0,17.599700214609808,44000000.0
3.0,2.0,15.0,3200.0,2.0,5,2,0,0,0,0,0,0,0,1,0,0,0,0,0,16.066802461833923,9500000.0
4.0,4.0,7.0,3500.0,2.0,3,1,0,0,1,1,0,0,0,0,0,0,0,0,0,17.822843761378564,55000000.0
4.0,3.0,6.0,3000.0,2.0,3,1,0,0,1,1,0,0,0,0,1,0,0,0,0,17.840862266556567,56000000.0
4.0,4.0,9.0,3218.0,2.0,3,1,0,0,1,1,0,0,0,0,1,0,0,0,0,17.6762402900575,47500000.0
4.0,4.0,6.0,2899.0,2.0,5,2,0,0,1,0,0,0,0,0,0,0,1,0,0,17.37085861945369,34999999.0
4.0,3.0,6.4,3000.0,2.0,3,1,1,0,1,1,0,0,1,0,0,0,0,0,1,18.042344317830995,68500000.0
3.0,1.0,10.0,1300.0,2.0,5,2,0,0,1,0,0,0,0,0,0,0,0,0,0,16.648723960844016,17000000.0
3.0,2.0,9.0,1440.0,2.0,3,1,0,0,1,0,0,0,0,0,0,0,0,0,0,17.073607134447293,26000000.0
3.0,2.0,6.0,1200.0,1.0,3,1,0,0,1,0,0,1,0,0,0,0,1,0,0,16.993564429978885,24000000.0
3.0,1.0,9.6,1800.0,2.0,3,1,0,0,1,1,0,1,0,0,0,0,0,0,0,17.034386422832473,25000000.0
4.0,3.0,15.0,2800.0,2.0,5,2,0,0,1,0,0,1,0,0,0,0,0,0,0,17.11134746100564,27000000.0
4.0,3.0,8.0,4000.0,2.0,3,1,0,0,1,1,0,0,0,0,0,0,0,0,0,17.553180200057167,42000000.0
3.0,1.0,12.5,2500.0,2.0,5,2,0,0,1,0,0,0,0,0,0,0,0,0,0,16.213405921671733,11000000.0
4.0,4.0,10.0,3800.0,2.0,3,1,0,0,1,0,0,0,0,0,0,0,1,0,0,18.049617077054286,69000000.0
4.0,3.0,58.5,2000.0,2.0,7,2,0,0,1,0,0,1,0,0,0,0,0,0,0,17.439851517607305,37500000.0
4.0,3.0,12.6,3100.0,2.0,3,1,0,0,1,1,0,1,0,0,0,0,0,0,0,17.822843761378564,55000000.0
5.0,3.0,25.0,3500.0,2.0,3,1,0,0,1,0,0,0,0,0,1,0,0,0,0,17.296750678069195,32500000.0
4.0,3.0,7.0,3000.0,3.0,3,1,0,0,1,1,0,1,0,0,1,0,0,0,0,17.399029524198163,36000000.0
4.0,3.0,6.5,2871.0,2.0,3,1,0,0,1,0,0,0,0,0,1,0,0,0,0,17.426428497635523,37000000.0
5.0,5.0,10.5,3600.0,2.0,5,2,0,0,1,1,0,0,0,0,1,0,0,0,0,17.622173069956816,45000000.0
1.0,1.0,11.85,1550.0,2.0,12,3,0,0,1,1,0,1,0,1,0,0,0,0,0,17.1654146803266,28500000.0
3.0,3.0,7.5,2330.0,2.0,3,1,0,0,1,1,0,0,0,0,0,0,0,0,0,17.19990085520835,29500000.0
4.0,3.0,6.0,3450.0,3.0,3,1,0,0,1,1,0,1,0,1,1,0,1,0,0,17.491811255187805,39500000.0
3.0,2.0,10.0,3000.0,2.0,3,1,1,0,1,0,0,0,0,0,0,0,0,0,0,17.6762402900575,47500000.0
4.0,3.0,20.0,4000.0,2.0,3,1,0,0,1,0,1,1,0,0,0,0,0,0,0,18.683045016112164,130000000.0
5.0,2.0,12.0,2500.0,2.0,3,1,1,0,1,1,0,1,0,0,0,0,0,0,0,17.216707972959764,30000000.0
4.0,4.0,10.0,3500.0,2.0,3,1,0,0,1,1,0,1,0,0,1,0,1,0,1,17.822843761378564,55000000.0
2.0,1.0,10.25,2000.0,2.0,3,1,0,0,1,1,0,1,0,0,0,0,1,0,0,16.648723960844016,17000000.0
4.0,3.0,10.0,3500.0,2.0,12,3,0,0,1,0,0,1,0,0,0,1,1,0,0,17.529082649058825,41000000.0
3.0,2.0,7.0,1650.0,2.0,3,1,0,0,1,0,0,0,0,1,1,0,1,0,0,17.19990085520835,29500000.0
4.0,3.0,7.0,3400.0,2.0,3,1,0,0,1,0,0,0,0,0,0,0,0,0,0,17.565014657424058,42500000.0
2.0,1.0,12.3,1500.0,2.0,9,3,0,0,1,0,0,0,0,0,0,0,0,0,0,16.52356082573315,15000000.0
3.0,2.0,6.5,1341.0,2.0,3,1,0,0,1,0,0,0,0,0,0,0,0,0,0,16.97251102166758,23500000.0
3.0,2.0,10.0,2000.0,2.0,3,1,0,0,1,0,0,0,0,0,0,0,1,0,0,16.929025911619092,22500000.0
3.0,2.0,7.0,1210.0,2.0,3,1,0,0,1,0,0,0,0,0,0,0,0,0,0,16.648723960844016,17000000.0
3.0,2.0,6.0,1780.0,2.0,3,1,1,0,1,1,0,0,0,0,0,0,0,0,0,18.258161826219297,85000000.0
3.0,1.0,10.0,1280.0,2.0,3,1,0,0,1,1,0,0,0,1,0,0,1,0,0,16.733281344102608,18500000.0
3.0,2.0,10.0,2000.0,2.0,5,2,0,0,1,0,0,0,0,0,0,0,0,0,0,16.929025911619092,22500000.0
3.0,3.0,6.8,1300.0,2.0,3,1,0,0,1,1,0,0,0,0,1,0,1,0,1,17.370858648025116,35000000.0
4.0,2.0,6.0,2000.0,2.0,3,1,0,0,1,1,0,0,0,0,0,0,0,0,0,17.479072229734946,39000000.0
4.0,3.0,20.0,2500.0,2.0,3,1,0,0,1,0,0,0,0,0,0,0,0,0,0,17.399029524198163,36000000.0
3.0,3.0,7.0,2100.0,2.0,3,1,0,0,1,1,0,0,0,0,1,0,0,0,0,16.993564429978885,24000000.0
4.0,1.0,15.0,1500.0,2.0,5,2,0,0,1,0,0,0,0,0,0,0,0,0,0,16.166885910365842,10500000.0
4.0,3.0,10.0,3500.0,2.0,12,3,0,0,1,0,0,1,0,0,0,1,1,0,0,17.529082649058825,41000000.0
3.0,3.0,8.0,1350.0,2.0,3,1,0,0,1,0,0,0,0,1,0,0,0,0,0,17.034386422832473,25000000.0
3.0,2.0,3.0,900.0,2.0,8,2,0,0,1,1,0,0,0,0,0,0,0,0,0,16.066802461833923,9500000.0
4.0,2.0,11.5,3000.0,2.0,7,2,0,0,1,0,0,0,0,0,0,0,0,0,0,17.0926553286923,26500000.0
4.0,4.0,20.0,3200.0,2.0,8,2,0,0,1,0,0,0,0,0,1,0,0,0,0,17.437181289122726,37400000.0
4.0,4.0,10.6,4500.0,3.0,3,1,0,0,0,1,0,1,0,1,0,0,0,0,1,18.342719213293464,92500000.0
3.0,3.0,6.0,1200.0,2.0,3,1,0,0,1,1,0,0,0,0,0,0,0,0,0,16.951004817371683,23000000.0
3.0,3.0,6.0,2415.0,2.0,3,1,0,0,0,0,0,0,0,0,1,0,0,0,0,17.356469910987094,34500000.0
5.0,5.0,20.0,3500.0,2.0,3,1,0,0,1,0,1,0,0,0,0,0,1,0,0,18.05683732492351,69500000.0
3.0,2.0,7.0,2000.0,2.0,3,1,0,0,1,1,0,0,0,0,0,0,0,0,0,16.785925074816024,19500000.0
4.0,2.0,10.4,2000.0,2.0,3,1,1,0,1,1,0,1,0,0,0,0,0,0,0,17.216707972959764,30000000.0
4.0,5.0,7.0,2782.0,2.0,3,1,0,0,1,0,0,0,0,0,0,0,0,0,0,18.36938746009113,95000000.0
5.0,5.0,6.2,3800.0,2.0,3,1,1,0,1,1,0,0,1,1,0,0,0,0,0,18.09217669086922,72000000.0
3.0,2.0,6.7,1188.0,2.0,3,1,0,0,1,0,0,0,0,0,1,0,0,0,0,16.860033043306743,21000000.0
3.0,1.0,10.5,1200.0,2.0,3,1,0,0,1,0,0,0,0,0,0,0,0,0,0,17.034386422832473,25000000.0
5.0,1.0,39.08,2350.0,2.0,10,2,0,0,1,0,0,0,0,0,0,0,0,0,0,17.233237274364523,30500000.0
3.0,2.0,6.25,1598.0,2.0,3,1,0,0,1,0,1,0,0,0,1,0,1,0,0,17.599700214609808,44000000.0
3.0,2.0,9.5,1500.0,2.0,5,2,0,0,1,0,0,0,0,0,0,0,1,0,0,16.951004817371683,23000000.0
5.0,3.0,13.5,4210.0,2.0,3,1,0,0,1,0,0,0,0,0,0,0,1,0,1,17.6762402900575,47500000.0
4.0,4.0,12.0,1950.0,2.0,12,3,0,0,1,0,0,1,0,0,0,0,1,0,0,17.19990085520835,29500000.0
5.0,5.0,14.0,5000.0,2.0,3,1,0,0,1,1,0,1,0,1,1,0,0,0,1,18.819456870621142,149000000.0
4.0,3.0,6.0,2950.0,3.0,3,1,0,0,0,1,0,1,0,0,1,0,1,0,0,17.57671069691365,43000000.0
6.0,3.0,12.2,3600.0,2.0,3,1,1,0,1,1,0,0,0,0,0,0,0,0,0,17.858561843342684,57000000.0
3.0,2.0,3.25,1200.0,2.0,3,1,0,0,1,0,0,0,0,0,0,0,0,0,0,17.11134746100564,27000000.0
5.0,3.0,13.5,2994.0,2.0,5,2,0,0,1,0,0,1,0,0,0,0,0,0,0,17.565014657424058,42500000.0
3.0,2.0,10.0,1500.0,2.0,3,1,0,0,1,1,0,0,0,0,0,0,1,0,0,17.129696599000436,27500000.0
4.0,3.0,10.0,3500.0,2.0,12,3,0,0,1,0,0,1,0,0,0,1,1,0,0,17.529082649058825,41000000.0
4.0,3.0,6.0,3450.0,3.0,3,1,0,0,1,1,0,1,0,1,1,0,1,0,0,17.491811255187805,39500000.0
3.0,2.0,11.0,2950.0,2.0,3,1,0,0,1,1,0,0,0,1,1,0,0,0,1,17.439851517607305,37500000.0
4.0,3.0,13.0,3000.0,2.0,3,1,0,0,1,1,0,1,0,1,1,0,1,0,0,17.622173069956816,45000000.0
3.0,2.0,8.0,1380.0,2.0,3,1,0,0,1,0,0,0,0,0,0,0,0,0,0,16.733281344102608,18500000.0
3.0,2.0,17.0,1650.0,1.0,3,1,0,0,1,0,0,0,0,0,0,0,0,0,0,16.588099342704055,16000000.0
3.0,1.0,6.0,1200.0,2.0,3,1,0,0,0,0,0,0,1,0,0,0,0,0,0,16.588099342704055,16000000.0
3.0,3.0,7.0,2100.0,2.0,3,1,0,0,1,1,0,0,0,0,0,0,0,0,0,17.356469910987094,34500000.0
2.0,2.0,9.6,1850.0,1.0,3,1,0,0,1,1,0,0,0,0,0,0,0,0,0,17.370858648025116,35000000.0
3.0,3.0,7.2,2250.0,2.0,3,1,0,0,1,1,0,1,0,0,0,0,1,0,0,17.50439003707821,40000000.0
3.0,2.0,7.0,1340.0,2.0,3,1,0,0,0,1,0,1,0,0,0,0,0,0,0,17.073607134447293,26000000.0
4.0,3.0,12.0,1890.0,2.0,12,3,0,0,1,0,0,1,0,0,0,0,0,0,0,17.19990085520835,29500000.0
4.0,3.0,10.0,2800.0,2.0,3,1,0,0,0,1,0,1,0,0,1,0,0,0,0,17.599700214609808,44000000.0
3.0,2.0,11.0,1620.0,2.0,12,3,0,0,1,0,0,1,0,0,0,0,1,0,0,17.073607134447293,26000000.0
1.0,1.0,15.42,1200.0,2.0,5,2,0,0,1,0,0,0,0,0,0,0,0,0,0,16.52356082573315,15000000.0
3.0,1.0,13.5,2000.0,2.0,5,2,0,0,1,1,0,1,0,0,0,0,1,0,0,16.588099342704055,16000000.0
5.0,5.0,10.0,7043.5,2.0,3,1,0,0,1,0,0,0,0,1,0,0,0,0,0,19.519293035953808,300000000.0
4.0,4.0,88.70000000000005,3000.0,2.0,3,1,0,0,0,1,0,1,0,0,0,0,0,0,0,19.316768772590635,245000000.0
5.0,3.0,18.0,4500.0,2.0,3,1,0,0,1,0,0,0,0,0,0,0,0,0,0,18.643824303266577,125000000.0
4.0,4.0,9.0,3000.0,2.0,3,1,0,0,1,1,1,0,0,0,1,0,0,0,0,17.6762402900575,47500000.0
3.0,1.0,3.6,1050.0,1.0,8,2,0,0,1,1,0,0,0,0,0,0,0,0,0,16.066802461833923,9500000.0
5.0,5.0,20.0,6000.0,3.0,3,1,0,0,0,1,1,0,0,0,0,0,0,0,0,19.20913810886209,220000000.0
5.0,3.0,16.8,2150.0,2.0,3,1,0,0,1,0,0,1,0,0,0,0,1,0,0,17.439851517607305,37500000.0
4.0,4.0,8.0,3250.0,2.0,3,1,0,0,0,1,0,1,0,1,0,0,0,0,0,17.95067713070663,62500000.0
1.0,1.0,2.11,600.0,2.0,3,1,1,0,1,1,0,0,0,0,0,0,0,0,0,16.454567959008102,14000000.0
5.0,5.0,15.0,4500.0,2.0,3,1,0,0,1,1,0,0,0,0,0,0,0,0,0,18.252262104161723,84500000.0
6.0,3.0,9.2,2944.0,2.0,3,1,0,0,0,0,0,0,1,1,0,0,0,0,1,18.258161826219297,85000000.0
4.0,1.0,15.0,1400.0,2.0,5,2,0,0,1,0,0,0,0,0,0,0,0,0,0,16.257857680289998,11500000.0
4.0,2.0,17.0,2500.0,2.0,3,1,1,0,1,0,0,0,0,0,0,0,0,0,0,18.980296537602072,175000000.0
3.0,2.0,33.5,7043.5,2.0,3,1,1,0,1,1,0,1,0,0,0,0,0,0,0,18.71335036537787,134000000.0
7.0,6.0,20.0,5445.0,4.0,3,1,1,0,1,1,0,1,0,0,0,0,0,0,0,18.28141868811311,87000000.0
3.0,3.0,6.0,2145.0,2.0,3,1,0,0,1,0,0,0,0,0,1,0,0,0,0,17.356469910987094,34500000.0
4.0,2.0,12.0,2000.0,2.0,3,1,0,0,1,0,0,0,0,0,0,0,0,0,0,17.370858648025116,35000000.0
4.0,3.0,8.0,3400.0,2.0,3,1,0,0,1,1,0,1,0,0,0,0,1,0,0,17.492036040042688,39508880.0
3.0,2.0,6.0,1235.0,2.0,3,1,0,0,1,1,0,0,0,0,0,0,0,0,0,17.11134746100564,27000000.0
4.0,3.0,7.5,2450.0,2.0,3,1,0,0,1,1,0,1,0,1,1,0,0,0,1,17.565014657424058,42500000.0
6.0,2.0,7.0,3000.0,2.0,3,1,0,0,1,0,0,0,0,1,1,0,0,0,0,17.426428497635523,37000000.0
4.0,4.0,10.0,2800.0,2.0,3,1,0,0,1,1,0,1,0,0,1,0,0,0,0,17.599700214609808,44000000.0
4.0,3.0,12.0,2176.0,2.0,3,1,0,0,1,1,0,1,1,0,0,0,0,0,0,18.184958423089522,79000000.0
4.0,3.0,6.32,2315.0,2.0,3,1,0,0,1,0,0,0,0,1,1,0,0,0,0,17.479072229734946,39000000.0
4.0,3.0,22.0,2660.0,2.0,3,1,1,0,1,0,0,0,0,0,0,0,0,0,0,18.105970012811294,73000000.0
4.0,2.0,15.0,2000.0,2.0,3,1,0,0,1,1,0,1,0,0,0,0,0,0,0,17.19990085520835,29500000.0
3.0,2.0,6.75,1345.0,2.0,3,1,0,0,1,1,0,1,0,1,0,0,1,0,0,16.588099342704055,16000000.0
3.0,2.0,10.0,1450.0,2.0,3,1,0,0,1,0,0,0,0,0,0,0,0,0,0,17.073607134447293,26000000.0
5.0,4.0,16.0,2650.0,2.0,3,1,1,0,1,0,0,0,0,0,0,0,0,0,0,17.751250109540987,51200000.0
4.0,4.0,88.70000000000005,7043.5,2.0,3,1,0,0,1,1,0,0,0,0,1,0,0,0,0,19.729013566305248,370000000.0
3.0,2.0,9.5,1500.0,2.0,5,2,0,0,0,0,0,0,0,0,0,0,0,0,0,16.951004817371683,23000000.0
4.0,2.0,17.0,3500.0,2.0,3,1,1,0,1,1,0,0,0,0,0,0,0,0,0,18.30414693893237,89000000.0
4.0,4.0,10.0,3000.0,2.0,3,1,0,0,1,0,0,0,0,0,0,0,0,0,1,17.6762402900575,47500000.0
3.0,2.0,20.0,2350.0,2.0,1,4,0,0,0,0,0,0,0,0,0,0,0,0,0,17.356469910987094,34500000.0
4.0,3.0,6.0,3000.0,2.0,3,1,0,0,1,1,0,0,0,0,1,0,0,0,0,17.822843761378564,55000000.0
5.0,5.0,55.0,4566.0,2.0,8,2,0,0,1,1,0,1,0,1,0,1,0,0,0,18.30414693893237,89000000.0
4.0,1.0,20.0,1500.0,2.0,5,2,0,0,1,0,0,0,0,0,0,0,0,0,0,16.001561947061912,8900000.0
3.0,3.0,7.0,1290.0,2.0,3,1,0,0,1,1,0,0,0,0,0,0,0,0,0,16.993564429978885,24000000.0
5.0,5.0,17.0,5400.0,2.0,3,1,1,0,1,1,1,1,0,0,0,0,0,0,0,19.06253463538792,190000000.0
6.0,2.0,16.0,1350.0,2.0,5,2,0,0,0,0,0,0,0,0,0,0,1,0,0,16.80873975142546,19950000.0
5.0,4.0,15.0,3412.0,2.0,3,1,0,0,1,0,0,1,0,0,0,0,0,0,0,17.622173069956816,45000000.0
3.0,2.0,7.0,1650.0,2.0,3,1,0,0,1,0,0,0,0,1,1,0,1,0,0,17.19990085520835,29500000.0
4.0,3.0,6.4,3000.0,2.0,3,1,0,0,1,1,0,0,1,0,0,0,0,0,1,18.09217669086922,72000000.0
2.0,1.0,40.0,1100.0,2.0,5,2,0,0,1,0,0,0,0,0,0,0,0,0,0,16.300417291085605,12000000.0
4.0,2.0,10.5,4000.0,2.0,3,1,0,0,0,0,0,0,0,0,1,0,0,0,1,18.258161826219297,85000000.0
5.0,3.0,6.0,2500.0,2.0,3,1,0,0,1,1,0,1,0,0,0,0,1,0,0,17.265498135541893,31500000.0
5.0,2.0,10.0,4000.0,2.0,5,2,0,0,1,1,0,1,0,0,0,0,0,0,0,17.341871111992198,34000000.0
5.0,1.0,16.5,1420.0,2.0,3,1,0,0,1,0,0,0,0,0,0,0,0,0,0,16.588099342704055,16000000.0
2.0,2.0,4.0,1000.0,2.0,8,2,0,0,1,1,0,0,0,0,0,0,0,0,0,16.52356082573315,15000000.0
3.0,2.0,9.5,2850.0,2.0,3,1,0,0,1,1,0,1,0,0,0,0,0,0,1,17.553180200057167,42000000.0
4.0,3.0,7.0,2800.0,2.0,3,1,0,0,1,1,0,0,0,0,0,0,0,0,0,17.479072229734946,39000000.0
5.0,3.0,25.0,2500.0,2.0,5,2,0,0,1,0,0,0,0,1,1,0,0,0,0,17.491811255187805,39500000.0
6.0,2.0,3.5,1600.0,2.0,3,1,1,0,1,0,0,0,0,0,0,0,0,0,0,17.216707972959764,30000000.0
4.0,3.0,17.0,4000.0,2.0,3,1,1,0,1,1,0,0,0,0,1,0,0,0,0,18.30414693893237,89000000.0
4.0,3.0,17.0,3000.0,2.0,3,1,1,0,1,1,0,1,0,0,0,0,0,0,0,18.02763817065757,67500000.0
5.0,3.0,10.0,1951.0,2.0,3,1,0,0,0,0,0,1,0,0,0,1,0,0,0,17.399029524198163,36000000.0
4.0,3.0,7.0,2800.0,2.0,3,1,0,0,1,1,0,0,0,0,0,0,0,0,0,17.479072229734946,39000000.0
3.0,2.0,10.0,1500.0,2.0,3,1,1,0,0,0,0,0,0,0,0,0,0,0,0,17.399029524198163,36000000.0
6.0,5.0,6.0,3750.0,2.0,3,1,0,0,1,0,0,0,0,0,0,0,0,0,0,17.958645300228824,63000000.0
4.0,2.0,6.8,2200.0,2.0,3,1,0,0,1,0,0,0,0,1,0,0,0,0,0,17.707330876483063,49000000.0
5.0,4.0,30.0,3200.0,2.0,3,1,0,0,1,0,0,0,0,0,0,0,0,0,0,18.8906843794481,160000000.0
3.0,1.0,9.0,1250.0,2.0,12,3,0,0,1,0,0,1,0,0,0,0,1,0,0,17.034386422832473,25000000.0
4.0,4.0,6.5,2700.0,2.0,3,1,0,0,1,0,0,0,0,0,0,0,0,0,0,17.479072229734946,39000000.0
3.0,3.0,6.0,2200.0,2.0,5,2,0,0,0,0,0,0,0,0,1,0,0,0,0,17.370858648025116,35000000.0
3.0,1.0,9.6,1800.0,2.0,3,1,0,0,1,0,0,0,0,0,0,0,0,0,0,17.034386422832473,25000000.0
5.0,4.0,8.0,3000.0,2.0,3,1,0,0,1,1,0,1,0,1,1,0,0,0,1,18.258161826219297,85000000.0
4.0,3.0,11.5,2800.0,2.0,3,1,0,0,1,1,0,0,0,1,0,0,0,0,0,17.265498135541893,31500000.0
3.0,3.0,10.0,1600.0,2.0,3,1,0,0,1,1,0,1,0,0,1,0,1,0,0,17.129696599000436,27500000.0
6.0,6.0,88.70000000000005,12.5,2.0,3,1,1,0,1,1,0,0,0,0,0,0,0,0,0,18.24632736871235,84000000.0
3.0,1.0,10.0,1200.0,2.0,3,1,0,0,1,0,0,0,0,0,0,0,1,0,0,16.380459992348886,13000000.0
4.0,2.0,88.70000000000005,3500.0,2.0,8,2,0,0,1,0,0,0,0,0,0,0,0,0,0,17.565014657424058,42500000.0
2.0,2.0,3.25,1500.0,2.0,3,1,0,0,1,1,0,0,0,0,0,0,0,0,0,17.11134746100564,27000000.0
4.0,1.0,59.0,1500.0,2.0,5,2,0,0,1,0,0,0,0,0,0,0,0,0,0,16.257857680289998,11500000.0
4.0,3.0,10.0,3500.0,2.0,12,3,0,0,1,0,0,0,0,0,0,0,1,0,0,17.529082649058825,41000000.0
3.0,3.0,7.2,2250.0,2.0,3,1,0,0,1,1,0,1,0,0,0,0,1,0,0,17.50439003707821,40000000.0
3.0,2.0,73.23,1763.0,2.0,7,2,0,0,1,0,1,0,1,0,1,0,0,0,0,18.342719213293464,92500000.0
3.0,2.0,10.0,1870.0,2.0,3,1,0,0,1,1,0,1,0,0,1,0,0,0,0,17.147715103853763,28000000.0
5.0,2.0,10.0,2500.0,2.0,3,1,0,0,1,1,0,1,0,0,1,0,0,0,0,17.281246492014,32000000.0
2.0,2.0,9.6,1800.0,1.0,3,1,0,0,1,1,0,1,0,0,0,0,0,0,0,17.399029524198163,36000000.0
4.0,4.0,45.0,7000.0,2.0,3,1,0,0,1,0,0,1,0,1,0,0,0,0,1,19.035866388448003,185000000.0
3.0,2.0,6.0,1650.0,2.0,3,1,0,0,0,1,0,1,0,0,0,0,0,0,0,17.356469910987094,34500000.0
4.0,4.0,15.0,3880.0,2.0,3,1,0,0,1,1,0,1,0,0,0,0,0,0,0,18.049617077054286,69000000.0
5.0,3.0,20.0,2500.0,2.0,3,1,0,0,1,1,0,1,0,0,0,0,0,0,0,17.707330876483063,49000000.0
3.0,2.0,7.0,1200.0,2.0,3,1,0,0,1,0,0,0,0,0,0,0,0,0,0,16.785925074816024,19500000.0
1.0,1.0,12.5,1200.0,2.0,5,2,0,0,1,0,0,0,0,0,0,0,0,0,0,16.993564429978885,24000000.0
2.0,2.0,3.5,952.0,2.0,8,2,0,0,1,1,0,0,0,0,0,0,0,0,0,16.61887099947687,16500000.0
4.0,4.0,12.0,4600.0,2.0,3,1,0,0,1,0,0,1,1,0,0,0,0,0,0,18.132998684833918,75000000.0
7.0,4.0,7.9,3770.0,2.0,3,1,1,0,1,0,0,0,0,1,0,0,0,0,1,17.840862266556567,56000000.0
4.0,2.0,7.0,1800.0,2.0,3,1,0,0,1,0,0,0,0,0,0,0,0,0,0,16.951004817371683,23000000.0
2.0,2.0,4.0,800.0,2.0,3,1,1,0,1,0,0,0,0,0,0,0,0,0,0,16.588099342704055,16000000.0
3.0,3.0,7.0,1300.0,2.0,3,1,0,0,1,0,0,0,0,1,1,0,1,0,0,16.993564429978885,24000000.0
5.0,5.0,6.75,5000.0,3.0,3,1,0,0,1,1,0,1,0,0,1,0,0,0,0,18.757152987716434,140000000.0
3.0,1.0,6.0,950.0,2.0,3,1,0,0,1,1,0,0,0,0,0,0,0,0,0,16.88356353960952,21500000.0
6.0,2.0,21.0,3000.0,2.0,3,1,0,0,1,0,0,0,0,0,0,0,0,0,0,17.147715103853763,28000000.0
3.0,2.0,37.0,3500.0,2.0,3,1,0,0,1,1,0,1,0,1,1,0,1,0,0,17.909855136853043,60000000.0
3.0,2.0,10.0,3000.0,1.0,3,1,0,0,1,1,0,0,0,0,1,0,0,0,0,16.61887099947687,16500000.0
3.0,2.0,10.0,1200.0,2.0,5,2,0,0,1,1,0,0,0,0,0,0,0,0,0,16.41820031748273,13500000.0
6.0,3.0,10.9,3500.0,3.0,3,1,1,0,1,1,0,1,0,0,0,0,0,0,0,17.909855136853043,60000000.0
3.0,2.0,6.0,1640.0,2.0,3,1,0,0,1,0,0,0,0,0,0,0,1,0,0,17.356469910987094,34500000.0
5.0,4.0,6.5,2600.0,2.0,3,1,0,0,1,0,0,0,0,0,0,0,0,0,0,17.6762402900575,47500000.0
4.0,4.0,10.0,2800.0,2.0,3,1,0,0,1,1,0,1,0,0,1,0,0,0,0,17.599700214609808,44000000.0
5.0,4.0,11.6,3250.0,2.0,3,1,1,0,1,1,0,1,0,1,1,0,0,0,0,17.989897843244528,65000000.0
3.0,3.0,7.2,2250.0,2.0,3,1,0,0,0,1,0,1,0,0,0,0,1,0,0,17.57671069691365,43000000.0
4.0,3.0,6.0,3000.0,2.0,3,1,0,0,1,1,0,0,0,0,1,0,0,0,0,17.840862266556567,56000000.0
4.0,2.0,10.0,2400.0,2.0,5,2,0,0,1,0,0,0,0,0,1,0,0,0,0,17.073607134447293,26000000.0
4.0,3.0,10.0,3500.0,3.0,3,1,0,0,1,0,0,0,0,1,0,0,0,0,0,17.6762402900575,47500000.0
4.0,3.0,7.0,3500.0,2.0,3,1,0,0,1,0,0,0,0,0,0,0,1,0,0,17.71748324774094,49500000.0
5.0,2.0,8.7,1400.0,2.0,13,3,0,0,1,1,0,0,0,1,1,0,0,0,0,17.05418904934434,25500000.0
3.0,2.0,6.0,1640.0,2.0,3,1,0,0,0,1,0,0,0,0,1,0,0,0,0,17.356469910987094,34500000.0
4.0,4.0,8.0,3500.0,3.0,3,1,0,0,0,1,0,1,0,0,1,0,0,0,0,17.822843761378564,55000000.0
3.0,1.0,6.88,1158.0,2.0,3,1,0,0,1,0,0,1,0,0,0,0,0,0,0,16.993564429978885,24000000.0
4.0,2.0,6.0,1943.0,2.0,3,1,0,0,1,1,0,0,0,0,0,0,0,0,0,17.216707972959764,30000000.0
4.0,1.0,15.0,1400.0,2.0,5,2,0,0,1,0,0,0,0,0,0,0,0,0,0,16.257857680289998,11500000.0
5.0,4.0,22.0,5500.0,2.0,3,1,1,0,1,0,0,1,1,0,0,0,0,0,0,18.5159909328476,110000000.0
3.0,3.0,18.0,4900.0,2.0,3,1,1,0,0,0,0,0,0,0,1,0,0,0,0,18.24632736871235,84000000.0
5.0,4.0,20.0,4000.0,2.0,3,1,0,0,1,0,1,0,0,1,0,0,0,0,0,18.05683732492351,69500000.0
6.0,3.0,12.2,3400.0,2.0,3,1,1,0,1,1,0,1,0,0,0,0,0,0,0,17.78580249038432,53000000.0
3.0,2.0,6.0,1780.0,2.0,3,1,1,0,1,1,0,1,0,0,0,0,0,0,0,18.258161826219297,85000000.0
4.0,3.0,6.0,3450.0,3.0,3,1,0,0,1,1,0,1,0,1,1,0,1,0,0,17.491811255187805,39500000.0
3.0,2.0,2.0,544.5,2.0,3,1,1,0,1,0,0,0,0,0,0,0,0,0,0,15.76142084987672,7000000.0
4.0,2.0,15.0,5800.0,2.0,9,3,0,0,1,0,0,0,0,0,0,0,0,0,0,16.588099342704055,16000000.0
2.0,1.0,20.0,2722.0,2.0,11,4,0,0,1,0,0,0,0,0,0,0,0,0,0,15.894952224644102,8000000.0
4.0,4.0,60.8,5500.0,2.0,3,1,1,0,1,0,0,1,0,1,0,0,0,0,0,19.701614592192207,360000000.0
3.0,2.0,6.0,1633.0,2.0,3,1,0,0,1,1,0,0,0,0,0,0,0,0,0,17.19990085520835,29500000.0
2.0,1.0,6.1,1000.0,2.0,5,2,0,0,1,0,0,0,0,1,0,0,0,0,0,16.677711496036597,17500000.0
3.0,3.0,3.0,1500.0,2.0,3,1,1,0,0,1,0,1,0,0,1,0,0,0,0,17.453096744006448,38000000.0
6.0,5.0,7.0,4100.0,2.0,3,1,0,0,1,1,0,1,0,1,1,0,1,0,0,17.479072229734946,39000000.0
6.0,2.0,14.26,4500.0,2.0,3,1,1,0,1,1,0,1,0,0,0,0,0,0,0,17.697074376526267,48500000.0
6.0,3.0,42.54,3618.0,2.0,3,1,0,0,1,1,0,1,0,1,0,0,0,0,0,18.395362946224484,97500000.0
4.0,6.0,7.0,3500.0,3.0,3,1,0,0,1,0,0,1,1,1,1,0,0,0,1,17.71748324774094,49500000.0
3.0,3.0,14.4,2500.0,2.0,3,1,0,0,1,1,0,0,1,0,0,0,0,0,0,17.78580249038432,53000000.0
4.0,4.0,10.0,2800.0,2.0,3,1,0,0,0,1,0,1,0,0,1,0,0,0,0,17.599700214609808,44000000.0
6.0,3.0,17.45,3000.0,2.0,3,1,0,0,1,0,0,0,0,0,0,0,0,0,0,17.399029524198163,36000000.0
6.0,4.0,11.0,3437.0,2.0,3,1,1,0,1,0,0,0,1,1,0,0,0,0,0,18.5159909328476,110000000.0
3.0,2.0,8.5,2550.0,1.0,3,1,0,0,1,1,0,1,0,0,1,0,0,0,0,16.785925074816024,19500000.0
4.0,4.0,6.0,2107.0,2.0,5,2,0,0,1,0,0,0,0,1,0,0,0,0,0,17.182806422433504,29000000.0
3.0,2.0,10.0,1450.0,1.0,3,1,0,0,1,1,0,0,0,0,1,0,1,0,0,17.129696599000436,27500000.0
4.0,3.0,4.0,1400.0,2.0,3,1,0,0,0,0,1,0,0,0,1,0,0,0,0,17.1654146803266,28500000.0
2.0,2.0,10.0,1400.0,1.0,5,2,0,0,1,1,0,1,0,0,0,0,1,0,0,16.705882371415992,18000000.0
6.0,3.0,10.0,4000.0,2.0,3,1,0,0,1,1,0,0,1,0,0,0,0,0,0,17.147715103853763,28000000.0
3.0,2.0,6.2,1300.0,2.0,3,1,0,0,1,0,0,1,0,0,0,0,1,0,0,16.785925074816024,19500000.0
3.0,2.0,14.5,1000.0,2.0,3,1,0,0,0,0,0,0,1,0,0,0,0,0,0,16.588099342704055,16000000.0
4.0,4.0,7.0,2800.0,3.0,3,1,1,0,1,0,0,1,0,0,1,0,0,0,1,18.05683732492351,69500000.0
3.0,3.0,10.0,3000.0,2.0,3,1,0,0,1,0,0,0,0,0,0,0,0,0,0,17.622173069956816,45000000.0
5.0,4.0,20.0,3200.0,2.0,3,1,0,0,1,0,1,1,0,0,0,0,1,0,0,18.05683732492351,69500000.0
2.0,3.0,4.3,1800.0,2.0,3,1,0,0,1,1,0,0,0,0,0,0,0,0,0,17.622173069956816,45000000.0
7.0,6.0,42.0,7043.5,2.0,3,1,0,0,1,1,0,0,0,0,0,0,0,0,0,19.300639390727117,241080000.0
3.0,2.0,7.0,1633.5,2.0,5,2,0,0,1,1,0,0,0,0,0,0,0,0,0,17.439851517607305,37500000.0
1.0,1.0,1.7,400.0,2.0,3,1,0,0,0,0,0,0,0,0,0,0,0,0,0,16.012735246411598,9000000.0
3.0,2.0,8.0,2400.0,2.0,3,1,1,0,1,1,0,1,0,0,0,0,0,0,0,17.479072229734946,39000000.0
2.0,2.0,10.0,1800.0,2.0,5,2,0,0,0,1,0,0,0,0,1,0,0,0,0,16.951004817371683,23000000.0
4.0,2.0,8.5,1900.0,2.0,3,1,1,0,1,1,0,1,0,0,0,0,0,0,0,17.05418904934434,25500000.0
5.0,2.0,6.17,1800.0,2.0,3,1,0,0,1,0,0,0,0,0,0,0,0,0,0,17.57671069691365,43000000.0
4.0,4.0,8.0,3452.0,2.0,3,1,0,0,1,0,0,0,0,0,1,0,0,0,0,17.95067713070663,62500000.0
4.0,4.0,10.5,3800.0,2.0,3,1,0,0,1,1,0,1,0,1,1,0,0,0,0,18.258161826219297,85000000.0
2.0,1.0,40.0,1500.0,2.0,5,2,0,0,1,0,0,0,0,0,0,0,0,0,0,16.118095750958314,10000000.0
3.0,2.0,8.0,2800.0,2.0,3,1,1,0,1,0,0,1,0,0,1,0,0,0,1,18.02763817065757,67500000.0
3.0,1.0,88.70000000000005,1480.0,2.0,8,2,0,0,1,0,0,0,0,0,0,0,0,0,0,16.52356082573315,15000000.0
4.0,3.0,12.0,3600.0,2.0,3,1,0,0,1,1,0,1,1,0,0,0,0,0,0,18.258161826219297,85000000.0
3.0,3.0,19.0,3700.0,2.0,3,1,1,0,0,1,0,0,0,1,0,0,1,1,1,18.826145858727198,150000000.0
3.0,1.0,45.0,1000.0,2.0,2,4,0,0,0,0,0,1,0,0,0,0,0,0,0,15.520258832020865,5500000.0
3.0,2.0,6.0,1235.0,2.0,3,1,0,0,1,1,0,0,0,0,0,0,0,0,0,17.11134746100564,27000000.0
6.0,3.0,14.0,4000.0,2.0,3,1,1,0,1,0,0,0,0,0,0,0,0,0,0,18.980296537602072,175000000.0
4.0,3.0,27.0,1200.0,2.0,3,1,0,0,1,0,0,0,0,0,0,0,0,0,0,18.064005814299346,70000000.0
3.0,2.0,6.0,1280.0,2.0,3,1,0,0,1,1,0,0,0,0,1,0,0,0,0,16.97251102166758,23500000.0
5.0,3.0,10.5,3200.0,2.0,3,1,0,0,1,1,0,0,0,0,1,0,0,0,1,17.399029524198163,36000000.0
4.0,2.0,10.0,1000.0,2.0,3,1,1,0,1,1,0,1,0,1,0,0,0,0,0,17.439851517607305,37500000.0
4.0,3.0,15.5,4000.0,2.0,3,1,1,0,0,1,0,1,0,0,0,0,0,0,1,19.23161096461314,225000000.0
3.0,3.0,7.0,1290.0,2.0,3,1,0,0,1,1,0,0,0,0,0,0,0,0,0,16.951004817371683,23000000.0
5.0,5.0,10.0,3500.0,2.0,3,1,0,0,0,1,0,1,0,1,1,0,0,0,1,18.132998684833918,75000000.0
7.0,6.0,69.0,7043.5,3.0,3,1,1,0,1,1,0,1,1,0,0,0,0,0,1,19.806975107572256,400000000.0
2.0,2.0,4.0,1000.0,2.0,8,2,0,0,1,1,0,0,0,0,0,0,0,0,0,16.118095750958314,10000000.0
5.0,3.0,19.2,6000.0,2.0,3,1,1,0,1,0,0,1,0,0,0,0,0,0,0,19.07300593520039,192000000.0
3.0,3.0,8.0,2000.0,2.0,3,1,1,0,1,1,0,1,0,1,1,0,0,0,0,18.02763817065757,67500000.0
3.0,2.0,6.0,1150.0,1.0,3,1,0,0,0,0,0,0,0,0,0,0,0,0,0,16.993564429978885,24000000.0
4.0,1.0,40.0,1000.0,2.0,0,4,0,0,1,0,0,0,0,0,0,0,0,0,0,15.137266664613225,3750000.0
4.0,2.0,10.0,2687.0,2.0,3,1,0,0,1,1,0,1,0,1,0,0,0,0,0,17.19990085520835,29500000.0
2.0,2.0,10.0,0.0,2.0,3,1,1,1,0,0,0,0,0,1,0,0,0,0,0,18.36938746009113,95000000.0
3.0,2.0,10.0,0.0,2.0,3,1,1,1,1,0,0,0,1,0,0,0,0,0,0,17.57671069691365,43000000.0
3.0,3.0,10.0,0.0,2.0,3,1,1,1,1,0,0,0,1,0,0,0,0,0,0,18.643824303266577,125000000.0
3.0,2.0,10.0,0.0,2.0,3,1,1,1,0,0,0,1,1,1,0,0,0,0,0,17.989897843244528,65000000.0
3.0,3.0,10.0,0.0,2.0,3,1,1,1,0,0,1,0,1,0,0,0,0,0,0,17.725531580761828,49900000.0
3.0,2.0,10.0,0.0,2.0,3,1,1,1,1,0,1,0,1,0,0,0,0,0,0,18.46947091764561,105000000.0
4.0,5.0,10.0,2.0,2.0,3,1,1,1,1,1,0,0,0,0,0,0,0,0,0,19.162618093443648,210000000.0
3.0,2.0,10.0,1.0,2.0,3,1,1,1,1,1,1,0,0,0,1,0,0,0,0,17.707330876483063,49000000.0
3.0,2.0,10.0,1325.0,2.0,3,1,1,1,0,0,0,0,0,1,0,0,0,0,0,17.529082649058825,41000000.0
3.0,2.0,10.0,0.0,2.0,3,1,1,1,1,0,0,0,0,0,0,0,0,0,0,17.50439003707821,40000000.0
2.0,3.0,10.0,0.0,2.0,3,1,1,1,1,1,0,0,0,0,0,0,0,0,0,17.87595358575207,58000000.0
3.0,3.0,10.0,0.0,2.0,3,1,1,1,1,0,0,0,1,0,0,0,0,0,0,18.8906843794481,160000000.0
3.0,2.0,10.0,0.0,2.0,3,1,1,1,0,0,0,1,1,1,0,0,0,0,0,17.989897843244528,65000000.0
3.0,3.0,10.0,0.0,2.0,3,1,1,1,0,0,1,0,1,0,0,0,0,0,0,17.725531580761828,49900000.0
2.0,2.0,10.0,0.0,2.0,3,1,0,1,1,0,0,0,0,0,0,0,0,0,0,17.182806422433504,29000000.0
3.0,2.0,10.0,0.0,2.0,3,1,1,1,1,1,0,0,1,0,0,0,0,0,0,17.974393656948944,64000000.0
2.0,2.0,10.0,989.0,2.0,3,1,0,1,1,1,0,0,0,0,0,0,0,0,0,17.50439003707821,40000000.0
2.0,2.0,10.0,0.0,2.0,3,1,1,1,1,0,1,0,1,0,0,0,0,0,0,17.622173069956816,45000000.0
3.0,2.0,10.0,0.0,2.0,3,1,1,1,1,0,1,0,1,0,0,0,0,0,0,18.36938746009113,95000000.0
2.0,3.0,10.0,0.0,2.0,3,1,1,1,1,1,0,0,1,0,0,0,0,0,0,18.34811006187022,93000000.0
3.0,2.0,10.0,1080.0,2.0,3,1,0,1,0,1,1,0,1,0,0,0,0,0,0,17.57671069691365,43000000.0
2.0,2.0,10.0,0.0,2.0,3,1,1,1,1,0,0,0,0,0,1,0,0,0,0,16.588099342704055,16000000.0
3.0,3.0,10.0,0.0,2.0,3,1,1,1,1,1,1,0,0,0,1,0,0,0,0,17.98217579726988,64500000.0
3.0,2.0,10.0,0.0,2.0,3,1,1,1,0,0,1,0,1,0,0,0,0,0,0,18.36938746009113,95000000.0
3.0,3.0,10.0,0.0,2.0,3,1,1,1,1,0,1,0,1,0,0,0,0,0,0,18.667540829696392,128000000.0
3.0,2.0,10.0,0.0,2.0,3,1,0,1,1,0,0,0,1,0,0,0,0,0,0,17.707330876483063,49000000.0
2.0,2.0,10.0,1070.0,2.0,3,1,0,1,1,0,1,0,1,1,1,0,0,0,0,17.46616882523204,38500000.0
3.0,3.0,10.0,0.0,2.0,3,1,1,1,1,1,1,0,0,0,1,0,0,0,0,18.667540829696392,128000000.0
2.0,3.0,10.0,0.0,2.0,3,1,1,1,0,0,0,0,1,0,0,0,0,0,0,18.28141868811311,87000000.0
2.0,2.0,10.0,1280.0,2.0,3,1,1,1,1,0,0,0,1,0,0,0,0,0,0,17.909855136853043,60000000.0
3.0,2.0,10.0,0.0,2.0,3,1,1,1,0,0,1,0,1,0,0,0,0,0,0,18.31532023940565,90000000.0
2.0,2.0,10.0,0.0,2.0,3,1,0,1,1,0,1,1,0,0,1,0,1,0,0,17.073607134447293,26000000.0
4.0,3.0,10.0,0.0,2.0,3,1,1,1,1,0,0,0,1,1,0,0,0,0,0,19.11382792951231,200000000.0
2.0,2.0,10.0,965.0,2.0,3,1,1,1,1,0,1,0,0,1,1,0,0,0,0,17.599700214609808,44000000.0
2.0,2.0,10.0,0.0,2.0,3,1,1,1,1,0,0,0,1,0,0,0,0,0,0,17.50439003707821,40000000.0
2.0,2.0,10.0,0.0,2.0,3,1,1,1,1,0,0,0,0,1,0,0,0,0,0,18.20995972498239,81000000.0
3.0,3.0,10.0,0.0,2.0,3,1,1,1,0,0,1,0,1,0,0,0,0,0,0,18.064005814299346,70000000.0
3.0,3.0,10.0,0.0,2.0,3,1,1,1,1,0,1,0,1,0,0,0,0,0,0,18.36938746009113,95000000.0
3.0,2.0,10.0,1500.0,2.0,3,1,1,1,1,0,0,0,1,0,0,0,0,0,0,17.622173069956816,45000000.0
3.0,3.0,10.0,1580.0,2.0,3,1,1,1,1,0,0,0,1,0,0,0,0,0,0,18.258161826219297,85000000.0
3.0,2.0,10.0,0.0,2.0,5,2,0,1,0,1,0,0,1,0,0,0,0,0,0,17.565014657424058,42500000.0
3.0,3.0,10.0,0.0,2.0,3,1,1,1,1,1,1,0,0,0,1,0,0,0,0,18.36938746009113,95000000.0
3.0,2.0,10.0,0.0,2.0,3,1,1,1,0,1,1,0,0,0,0,0,0,0,0,18.035018277846262,68000000.0
3.0,2.0,10.0,0.0,2.0,3,1,0,1,1,0,1,0,1,1,0,0,0,0,0,17.439851517607305,37500000.0
2.0,2.0,10.0,0.0,2.0,3,1,1,1,1,0,1,1,0,0,1,0,0,0,0,18.30414693893237,89000000.0
3.0,3.0,10.0,0.0,2.0,3,1,0,1,1,0,1,1,1,0,1,0,0,0,0,17.296750678069195,32500000.0
2.0,1.0,10.0,0.0,2.0,12,3,0,1,1,1,1,0,0,0,1,0,1,0,0,17.399029524198163,36000000.0
3.0,2.0,10.0,0.0,2.0,3,1,1,1,0,1,1,0,0,0,0,0,0,0,0,17.858561843342684,57000000.0
3.0,3.0,10.0,1640.0,2.0,3,1,1,1,1,1,1,0,1,0,1,0,0,0,0,18.24632736871235,84000000.0
3.0,3.0,10.0,1.0,2.0,3,1,0,1,1,0,0,0,1,0,0,0,0,0,0,17.50439003707821,40000000.0
3.0,2.0,10.0,0.0,2.0,3,1,0,1,1,1,1,0,1,0,0,0,0,0,0,17.974393656948944,64000000.0
3.0,2.0,10.0,0.0,2.0,3,1,1,1,1,1,1,0,0,1,1,0,0,0,0,18.191267592203175,79500000.0
2.0,2.0,10.0,0.0,2.0,3,1,1,1,0,0,0,0,0,0,0,0,0,0,0,18.119575664681957,74000000.0
3.0,3.0,10.0,0.0,2.0,3,1,1,1,0,0,1,0,1,0,0,0,0,0,0,18.8906843794481,160000000.0
2.0,2.0,10.0,0.0,2.0,3,1,0,1,0,0,1,0,1,0,1,0,1,0,0,17.11134746100564,27000000.0
3.0,2.0,10.0,0.0,2.0,3,1,1,1,1,1,1,0,1,1,1,0,0,0,0,17.6441519761925,46000000.0
2.0,2.0,10.0,1468.0,2.0,3,1,1,1,1,0,0,0,1,0,0,0,0,0,0,18.72078534381011,135000000.0
3.0,2.0,10.0,0.0,2.0,3,1,1,1,1,0,1,0,1,0,0,0,0,0,0,17.989897843244528,65000000.0
3.0,2.0,10.0,1469.0,2.0,3,1,1,1,0,0,0,0,1,0,0,0,0,0,0,18.61130111182548,121000000.0
4.0,3.0,10.0,0.0,2.0,3,1,1,1,1,0,1,1,0,1,1,0,0,1,0,17.87595358575207,58000000.0
4.0,4.0,10.0,0.0,2.0,3,1,1,1,0,0,0,0,1,0,1,0,0,0,0,19.999659450963613,485000000.0
2.0,2.0,10.0,0.0,2.0,3,1,1,1,1,0,1,0,1,0,0,0,0,0,0,17.50439003707821,40000000.0
3.0,2.0,10.0,0.0,2.0,3,1,1,1,0,1,1,0,0,0,0,0,0,0,0,17.822843761378564,55000000.0
2.0,2.0,10.0,0.0,2.0,3,1,0,1,0,1,0,0,1,1,1,0,0,0,0,17.147715103853763,28000000.0
3.0,2.0,10.0,0.0,2.0,3,1,1,1,1,1,1,0,1,0,0,0,0,0,0,17.622173069956816,45000000.0
3.0,2.0,10.0,0.0,2.0,3,1,0,1,1,0,1,0,0,1,1,0,1,0,0,17.599700214609808,44000000.0
5.0,5.0,10.0,0.0,2.0,3,1,1,1,0,1,0,0,0,0,0,0,0,0,0,20.195633096558954,590000000.0
3.0,2.0,10.0,0.0,2.0,3,1,1,1,1,1,0,0,0,0,1,0,0,0,0,17.665658180950928,47000000.0
3.0,3.0,10.0,0.0,2.0,3,1,1,1,1,1,1,0,0,0,1,0,0,0,0,17.96655047961095,63500000.0
3.0,2.0,10.0,0.0,2.0,3,1,1,1,1,0,1,1,0,0,0,0,0,0,0,18.197537205138154,80000000.0
2.0,2.0,10.0,0.0,2.0,3,1,0,1,0,0,1,0,0,0,0,0,0,0,0,17.989897843244528,65000000.0
2.0,1.0,10.0,0.0,2.0,3,1,0,1,1,0,1,1,1,0,0,0,1,0,0,17.356469910987094,34500000.0
3.0,3.0,10.0,0.0,2.0,3,1,0,1,1,0,1,0,0,1,1,0,0,0,0,17.6762402900575,47500000.0
3.0,3.0,10.0,1650.0,2.0,3,1,1,1,1,0,0,0,1,0,0,0,0,0,0,18.31532023940565,90000000.0
3.0,2.0,10.0,0.0,2.0,3,1,0,1,1,0,1,0,1,0,0,0,0,0,0,18.2756549834628,86500000.0
3.0,3.0,10.0,0.0,2.0,5,2,0,1,0,0,1,0,1,0,0,0,0,1,0,17.622173069956816,45000000.0
3.0,3.0,10.0,0.0,2.0,5,2,0,1,0,1,1,0,0,0,0,0,0,0,0,17.399029524198163,36000000.0
2.0,2.0,10.0,0.0,2.0,3,1,1,1,1,1,1,0,0,0,1,0,0,0,0,17.9426449591384,62000000.0
4.0,4.0,10.0,0.0,2.0,5,2,0,1,1,0,1,0,0,0,0,0,0,1,0,18.064005814299346,70000000.0
3.0,2.0,10.0,0.0,2.0,3,1,1,1,1,0,0,0,0,0,0,0,0,0,0,17.87595358575207,58000000.0
2.0,1.0,10.0,0.0,2.0,3,1,1,1,1,1,0,0,1,1,1,0,0,0,0,17.147715103853763,28000000.0
3.0,3.0,10.0,0.0,2.0,3,1,1,1,0,0,0,0,0,0,0,0,0,0,0,19.376192192825954,260000000.0
2.0,2.0,10.0,0.0,2.0,3,1,0,1,1,0,1,0,0,0,1,0,0,1,0,17.281246492014,32000000.0
3.0,3.0,10.0,0.0,2.0,3,1,1,1,1,0,1,0,1,0,0,0,0,0,0,18.24632736871235,84000000.0
3.0,3.0,10.0,0.0,2.0,3,1,0,1,0,1,1,0,1,0,1,0,0,0,0,17.36799741582595,34900000.0
2.0,1.0,10.0,0.0,2.0,3,1,1,1,1,0,1,0,0,0,0,0,0,0,0,17.98217579726988,64500000.0
3.0,3.0,10.0,0.0,2.0,3,1,1,1,1,1,1,0,1,0,0,0,0,0,0,18.72078534381011,135000000.0
3.0,2.0,10.0,0.0,2.0,3,1,0,1,1,1,0,0,0,1,1,0,0,0,0,17.034386422832473,25000000.0
3.0,2.0,10.0,0.0,2.0,3,1,1,1,0,0,0,0,0,0,0,0,0,0,0,18.33729914588288,92000000.0
3.0,2.0,10.0,0.0,2.0,3,1,1,1,0,0,0,0,0,1,1,0,0,0,1,17.83189359673468,55500000.0
3.0,2.0,10.0,0.0,2.0,3,1,1,1,0,0,1,0,0,0,0,0,0,0,0,18.569100757691327,116000000.0
3.0,2.0,10.0,0.0,2.0,3,1,0,1,1,0,1,0,1,0,0,0,0,0,0,17.622173069956816,45000000.0
2.0,2.0,10.0,0.0,2.0,3,1,1,1,1,0,1,1,0,0,0,0,0,0,0,18.09217669086922,72000000.0
3.0,2.0,10.0,0.0,2.0,3,1,0,1,1,0,0,0,1,0,0,0,1,0,0,17.034386422832473,25000000.0
4.0,3.0,10.0,0.0,2.0,3,1,1,1,1,0,1,0,0,0,0,0,0,0,0,18.17221939747438,78000000.0
2.0,2.0,10.0,0.0,2.0,3,1,1,1,1,1,1,0,0,1,1,0,0,0,0,17.426428497635523,37000000.0
3.0,2.0,10.0,0.0,2.0,3,1,1,1,0,1,1,0,0,0,0,0,0,0,0,17.707330876483063,49000000.0
3.0,2.0,10.0,1550.0,2.0,3,1,1,1,1,0,0,0,1,0,0,0,0,0,0,18.36938746009113,95000000.0
3.0,2.0,10.0,0.0,2.0,3,1,1,1,0,0,0,0,0,1,0,0,0,0,0,18.560442695023177,115000000.0
3.0,2.0,10.0,0.0,2.0,3,1,1,1,0,1,1,1,0,0,1,0,0,0,0,18.92145603792546,165000000.0
2.0,2.0,10.0,0.0,2.0,3,1,0,1,1,0,1,0,1,0,0,0,1,1,0,17.0926553286923,26500000.0
3.0,3.0,10.0,0.0,2.0,3,1,1,1,1,0,0,1,1,0,0,0,0,0,0,18.09217669086922,72000000.0
3.0,2.0,10.0,0.0,2.0,3,1,1,1,1,1,0,0,1,0,0,0,0,0,0,18.31532023940565,90000000.0
2.0,2.0,10.0,0.0,2.0,3,1,1,1,1,0,0,0,1,0,0,0,0,0,0,17.249497794707484,31000000.0
3.0,3.0,10.0,1640.0,2.0,3,1,1,1,1,1,0,0,1,0,0,0,0,0,0,18.400478046838927,98000000.0
2.0,2.0,10.0,0.0,2.0,3,1,1,1,0,1,1,0,1,0,0,0,0,0,0,18.17221939747438,78000000.0
3.0,2.0,10.0,0.0,2.0,3,1,1,1,1,0,1,0,1,0,0,0,0,0,0,18.184958423089522,79000000.0
3.0,2.0,10.0,0.0,2.0,4,2,0,1,0,0,1,0,1,0,0,0,0,0,0,18.497641794347754,108000000.0
2.0,2.0,10.0,0.0,2.0,3,1,1,1,1,1,1,1,0,0,0,0,0,0,0,18.09217669086922,72000000.0
7.0,6.0,10.0,0.0,2.0,3,1,1,1,1,0,0,0,1,0,0,0,0,0,0,19.519293035953808,300000000.0
3.0,2.0,10.0,0.0,2.0,3,1,1,1,0,1,1,0,0,0,0,0,0,0,0,18.26985786584569,86000000.0
2.0,2.0,10.0,1240.0,2.0,3,1,1,1,1,0,0,0,1,0,0,0,0,0,0,17.426428497635523,37000000.0
1.0,1.0,10.0,0.0,2.0,12,3,0,1,1,0,0,0,0,0,0,0,0,0,0,17.11134746100564,27000000.0
2.0,1.0,10.0,0.0,2.0,3,1,1,1,0,0,1,1,0,0,1,0,0,0,0,17.14413728263389,27900000.0
3.0,2.0,10.0,1880.0,2.0,3,1,1,1,0,0,1,0,0,0,1,0,0,0,0,18.683045016112164,130000000.0
2.0,2.0,10.0,0.0,2.0,3,1,1,1,1,1,0,0,0,0,0,0,0,0,0,16.993564429978885,24000000.0
3.0,2.0,10.0,0.0,2.0,3,1,1,1,0,0,0,0,1,0,1,0,0,0,0,17.665658180950928,47000000.0
3.0,3.0,10.0,1550.0,2.0,5,2,0,1,0,1,0,0,0,1,1,0,0,1,1,17.622173069956816,45000000.0
2.0,2.0,10.0,0.0,2.0,3,1,0,1,0,1,1,0,1,1,1,0,0,1,0,17.6441519761925,46000000.0
2.0,2.0,10.0,823.0,2.0,3,1,0,1,0,0,0,0,1,0,0,0,0,0,0,17.9426449591384,62000000.0
3.0,3.0,10.0,0.0,2.0,3,1,1,1,1,0,1,0,1,0,0,0,0,0,0,18.22709600701562,82400000.0
2.0,2.0,10.0,0.0,2.0,3,1,1,1,0,1,1,0,1,1,1,0,0,1,0,18.132998684833918,75000000.0
2.0,2.0,10.0,0.0,2.0,3,1,0,1,1,1,1,0,0,1,1,0,0,0,0,17.385043282614657,35500000.0
2.0,2.0,10.0,0.0,2.0,3,1,0,1,1,1,1,1,0,0,1,0,0,0,0,17.6867115897055,48000000.0
